item_id,title,release_year,orig_item_id
0,Toy Story (1995),1995,1
1,GoldenEye (1995),1995,2
2,Four Rooms (1995),1995,3
3,Get Shorty (1995),1995,4
4,Copycat (1995),1995,5
5,Shanghai Triad (Yao a yao yao dao waipo qiao) (1995),1995,6
6,Twelve Monkeys (1995),1995,7
7,Babe (1995),1995,8
8,Dead Man Walking (1995),1995,9
9,Richard III (1995),1996,10
10,Seven (Se7en) (1995),1995,11
11,"Usual Suspects, The (1995)",1995,12
12,Mighty Aphrodite (1995),1995,13
13,"Postino, Il (1994)",1994,14
14,Mr. Holland's Opus (1995),1996,15
15,French Twist (Gazon maudit) (1995),1995,16
16,From Dusk Till Dawn (1996),1996,17
17,"White Balloon, The (1995)",1995,18
18,Antonia's Line (1995),1995,19
19,Angels and Insects (1995),1995,20
20,Muppet Treasure Island (1996),1996,21
21,Braveheart (1995),1996,22
22,Taxi Driver (1976),1996,23
23,Rumble in the Bronx (1995),1996,24
24,"Birdcage, The (1996)",1996,25
25,"Brothers McMullen, The (1995)",1995,26
26,Bad Boys (1995),1995,27
27,Apollo 13 (1995),1995,28
28,Batman Forever (1995),1995,29
29,Belle de jour (1967),1967,30
30,Crimson Tide (1995),1995,31
31,Crumb (1994),1994,32
32,Desperado (1995),1995,33
33,"Doom Generation, The (1995)",1995,34
34,Free Willy 2: The Adventure Home (1995),1995,35
35,Mad Love (1995),1995,36
36,Nadja (1994),1994,37
37,"Net, The (1995)",1995,38
38,Strange Days (1995),1995,39
39,"To Wong Foo, Thanks for Everything! Julie Newmar (1995)",1995,40
40,Billy Madison (1995),1995,41
41,Clerks (1994),1994,42
42,Disclosure (1994),1994,43
43,Dolores Claiborne (1994),1994,44
44,Eat Drink Man Woman (1994),1994,45
45,Exotica (1994),1994,46
46,Ed Wood (1994),1994,47
47,Hoop Dreams (1994),1994,48
48,I.Q. (1994),1994,49
49,Star Wars (1977),1977,50
50,Legends of the Fall (1994),1994,51
51,"Madness of King George, The (1994)",1994,52
52,Natural Born Killers (1994),1994,53
53,Outbreak (1995),1995,54
54,"Professional, The (1994)",1994,55
55,Pulp Fiction (1994),1994,56
56,Priest (1994),1994,57
57,Quiz Show (1994),1994,58
58,Three Colors: Red (1994),1994,59
59,Three Colors: Blue (1993),1993,60
60,Three Colors: White (1994),1994,61
61,Stargate (1994),1994,62
62,"Santa Clause, The (1994)",1994,63
63,"Shawshank Redemption, The (1994)",1994,64
64,What's Eating Gilbert Grape (1993),1993,65
65,While You Were Sleeping (1995),1995,66
66,Ace Ventura: Pet Detective (1994),1994,67
67,"Crow, The (1994)",1994,68
68,Forrest Gump (1994),1994,69
69,Four Weddings and a Funeral (1994),1994,70
70,"Lion King, The (1994)",1994,71
71,"Mask, The (1994)",1994,72
72,Maverick (1994),1994,73
73,Faster Pussycat! Kill! Kill! (1965),1965,74
74,Brother Minister: The Assassination of Malcolm X (1994),1994,75
75,Carlito's Way (1993),1993,76
76,"Firm, The (1993)",1993,77
77,Free Willy (1993),1993,78
78,"Fugitive, The (1993)",1993,79
79,Hot Shots! Part Deux (1993),1993,80
80,"Hudsucker Proxy, The (1994)",1994,81
81,Jurassic Park (1993),1993,82
82,Much Ado About Nothing (1993),1993,83
83,Robert A. Heinlein's The Puppet Masters (1994),1994,84
84,"Ref, The (1994)",1994,85
85,"Remains of the Day, The (1993)",1993,86
86,Searching for Bobby Fischer (1993),1993,87
87,Sleepless in Seattle (1993),1993,88
88,Blade Runner (1982),1982,89
89,So I Married an Axe Murderer (1993),1993,90
90,"Nightmare Before Christmas, The (1993)",1993,91
91,True Romance (1993),1993,92
92,Welcome to the Dollhouse (1995),1996,93
93,Home Alone (1990),1990,94
94,Aladdin (1992),1992,95
95,Terminator 2: Judgment Day (1991),1991,96
96,Dances with Wolves (1990),1990,97
97,"Silence of the Lambs, The (1991)",1991,98
98,Snow White and the Seven Dwarfs (1937),1937,99
99,Fargo (1996),1997,100
100,Heavy Metal (1981),1981,101
101,"Aristocats, The (1970)",1970,102
102,All Dogs Go to Heaven 2 (1996),1996,103
103,Theodore Rex (1995),1996,104
104,Sgt. Bilko (1996),1996,105
105,Diabolique (1996),1996,106
106,Moll Flanders (1996),1996,107
107,Kids in the Hall: Brain Candy (1996),1996,108
108,Mystery Science Theater 3000: The Movie (1996),1996,109
109,Operation Dumbo Drop (1995),1995,110
110,"Truth About Cats & Dogs, The (1996)",1996,111
111,Flipper (1996),1996,112
112,"Horseman on the Roof, The (Hussard sur le toit, Le) (1995)",1996,113
113,Wallace & Gromit: The Best of Aardman Animation (1996),1996,114
114,"Haunted World of Edward D. Wood Jr., The (1995)",1996,115
115,Cold Comfort Farm (1995),1996,116
116,"Rock, The (1996)",1996,117
117,Twister (1996),1996,118
118,Maya Lin: A Strong Clear Vision (1994),1994,119
119,Striptease (1996),1996,120
120,Independence Day (ID4) (1996),1996,121
121,"Cable Guy, The (1996)",1996,122
122,"Frighteners, The (1996)",1996,123
123,Lone Star (1996),1996,124
124,Phenomenon (1996),1996,125
125,"Spitfire Grill, The (1996)",1996,126
126,"Godfather, The (1972)",1972,127
127,Supercop (1992),1996,128
128,Bound (1996),1996,129
129,Kansas City (1996),1996,130
130,Breakfast at Tiffany's (1961),1961,131
131,"Wizard of Oz, The (1939)",1939,132
132,Gone with the Wind (1939),1939,133
133,Citizen Kane (1941),1941,134
134,2001: A Space Odyssey (1968),1968,135
135,Mr. Smith Goes to Washington (1939),1939,136
136,Big Night (1996),1996,137
137,D3: The Mighty Ducks (1996),1996,138
138,"Love Bug, The (1969)",1969,139
139,Homeward Bound: The Incredible Journey (1993),1993,140
140,"20,000 Leagues Under the Sea (1954)",1954,141
141,Bedknobs and Broomsticks (1971),1971,142
142,"Sound of Music, The (1965)",1965,143
143,Die Hard (1988),1988,144
144,"Lawnmower Man, The (1992)",1992,145
145,Unhook the Stars (1996),1996,146
146,"Long Kiss Goodnight, The (1996)",1996,147
147,"Ghost and the Darkness, The (1996)",1996,148
148,Jude (1996),1996,149
149,Swingers (1996),1996,150
150,Willy Wonka and the Chocolate Factory (1971),1971,151
151,Sleeper (1973),1973,152
152,"Fish Called Wanda, A (1988)",1988,153
153,Monty Python's Life of Brian (1979),1979,154
154,Dirty Dancing (1987),1987,155
155,Reservoir Dogs (1992),1992,156
156,Platoon (1986),1986,157
157,Weekend at Bernie's (1989),1989,158
158,Basic Instinct (1992),1992,159
159,Glengarry Glen Ross (1992),1992,160
160,Top Gun (1986),1986,161
161,On Golden Pond (1981),1981,162
162,"Return of the Pink Panther, The (1974)",1974,163
163,"Abyss, The (1989)",1989,164
164,Jean de Florette (1986),1986,165
165,Manon of the Spring (Manon des sources) (1986),1986,166
166,Private Benjamin (1980),1980,167
167,Monty Python and the Holy Grail (1974),1974,168
168,"Wrong Trousers, The (1993)",1993,169
169,Cinema Paradiso (1988),1988,170
170,Delicatessen (1991),1991,171
171,"Empire Strikes Back, The (1980)",1980,172
172,"Princess Bride, The (1987)",1987,173
173,Raiders of the Lost Ark (1981),1981,174
174,Brazil (1985),1985,175
175,Aliens (1986),1986,176
176,"Good, The Bad and The Ugly, The (1966)",1966,177
177,12 Angry Men (1957),1957,178
178,"Clockwork Orange, A (1971)",1971,179
179,Apocalypse Now (1979),1979,180
180,Return of the Jedi (1983),1997,181
181,GoodFellas (1990),1990,182
182,Alien (1979),1979,183
183,Army of Darkness (1993),1993,184
184,Psycho (1960),1960,185
185,"Blues Brothers, The (1980)",1980,186
186,"Godfather: Part II, The (1974)",1974,187
187,Full Metal Jacket (1987),1987,188
188,"Grand Day Out, A (1992)",1992,189
189,Henry V (1989),1989,190
190,Amadeus (1984),1984,191
191,Raging Bull (1980),1980,192
192,"Right Stuff, The (1983)",1983,193
193,"Sting, The (1973)",1973,194
194,"Terminator, The (1984)",1984,195
195,Dead Poets Society (1989),1989,196
196,"Graduate, The (1967)",1967,197
197,Nikita (La Femme Nikita) (1990),1990,198
198,"Bridge on the River Kwai, The (1957)",1957,199
199,"Shining, The (1980)",1980,200
200,Evil Dead II (1987),1987,201
201,Groundhog Day (1993),1993,202
202,Unforgiven (1992),1992,203
203,Back to the Future (1985),1985,204
204,Patton (1970),1970,205
205,Akira (1988),1988,206
206,Cyrano de Bergerac (1990),1990,207
207,Young Frankenstein (1974),1974,208
208,This Is Spinal Tap (1984),1984,209
209,Indiana Jones and the Last Crusade (1989),1989,210
210,M*A*S*H (1970),1970,211
211,"Unbearable Lightness of Being, The (1988)",1988,212
212,"Room with a View, A (1986)",1986,213
213,Pink Floyd - The Wall (1982),1982,214
214,Field of Dreams (1989),1989,215
215,When Harry Met Sally... (1989),1989,216
216,Bram Stoker's Dracula (1992),1992,217
217,Cape Fear (1991),1991,218
218,"Nightmare on Elm Street, A (1984)",1984,219
219,"Mirror Has Two Faces, The (1996)",1996,220
220,Breaking the Waves (1996),1996,221
221,Star Trek: First Contact (1996),1996,222
222,Sling Blade (1996),1996,223
223,Ridicule (1996),1996,224
224,101 Dalmatians (1996),1996,225
225,Die Hard 2 (1990),1990,226
226,Star Trek VI: The Undiscovered Country (1991),1991,227
227,Star Trek: The Wrath of Khan (1982),1982,228
228,Star Trek III: The Search for Spock (1984),1984,229
229,Star Trek IV: The Voyage Home (1986),1986,230
230,Batman Returns (1992),1992,231
231,Young Guns (1988),1988,232
232,Under Siege (1992),1992,233
233,Jaws (1975),1975,234
234,Mars Attacks! (1996),1996,235
235,Citizen Ruth (1996),1996,236
236,Jerry Maguire (1996),1996,237
237,Raising Arizona (1987),1987,238
238,Sneakers (1992),1992,239
239,Beavis and Butt-head Do America (1996),1996,240
240,"Last of the Mohicans, The (1992)",1992,241
241,Kolya (1996),1997,242
242,Jungle2Jungle (1997),1997,243
243,Smilla's Sense of Snow (1997),1997,244
244,"Devil's Own, The (1997)",1997,245
245,Chasing Amy (1997),1997,246
246,Turbo: A Power Rangers Movie (1997),1997,247
247,Grosse Pointe Blank (1997),1997,248
248,Austin Powers: International Man of Mystery (1997),1997,249
249,"Fifth Element, The (1997)",1997,250
250,Shall We Dance? (1996),1997,251
251,"Lost World: Jurassic Park, The (1997)",1997,252
252,"Pillow Book, The (1995)",1997,253
253,Batman & Robin (1997),1997,254
254,My Best Friend's Wedding (1997),1997,255
255,When the Cats Away (Chacun cherche son chat) (1996),1997,256
256,Men in Black (1997),1997,257
257,Contact (1997),1997,258
258,George of the Jungle (1997),1997,259
259,Event Horizon (1997),1997,260
260,Air Bud (1997),1997,261
261,In the Company of Men (1997),1997,262
262,Steel (1997),1997,263
263,Mimic (1997),1997,264
264,"Hunt for Red October, The (1990)",1990,265
265,Kull the Conqueror (1997),1997,266
266,Chasing Amy (1997),1997,268
267,"Full Monty, The (1997)",1997,269
268,Gattaca (1997),1997,270
269,Starship Troopers (1997),1997,271
270,Good Will Hunting (1997),1997,272
271,Heat (1995),1995,273
272,Sabrina (1995),1995,274
273,Sense and Sensibility (1995),1995,275
274,Leaving Las Vegas (1995),1995,276
275,Restoration (1995),1995,277
276,Bed of Roses (1996),1996,278
277,Once Upon a Time... When We Were Colored (1995),1995,279
278,Up Close and Personal (1996),1996,280
279,"River Wild, The (1994)",1994,281
280,"Time to Kill, A (1996)",1996,282
281,Emma (1996),1996,283
282,Tin Cup (1996),1996,284
283,Secrets & Lies (1996),1996,285
284,"English Patient, The (1996)",1996,286
285,Marvin's Room (1996),1996,287
286,Scream (1996),1996,288
287,Evita (1996),1996,289
288,Fierce Creatures (1997),1997,290
289,Absolute Power (1997),1997,291
290,Rosewood (1997),1997,292
291,Donnie Brasco (1997),1997,293
292,Liar Liar (1997),1997,294
293,Breakdown (1997),1997,295
294,"Promesse, La (1996)",1997,296
295,Ulee's Gold (1997),1997,297
296,Face/Off (1997),1997,298
297,Hoodlum (1997),1997,299
298,Air Force One (1997),1997,300
299,In & Out (1997),1997,301
300,L.A. Confidential (1997),1997,302
301,Ulee's Gold (1997),1997,303
302,Fly Away Home (1996),1996,304
303,"Ice Storm, The (1997)",1997,305
304,"Mrs. Brown (Her Majesty, Mrs. Brown) (1997)",1997,306
305,"Devil's Advocate, The (1997)",1997,307
306,FairyTale: A True Story (1997),1997,308
307,Deceiver (1997),1997,309
308,"Rainmaker, The (1997)",1997,310
309,"Wings of the Dove, The (1997)",1997,311
310,Midnight in the Garden of Good and Evil (1997),1997,312
311,Titanic (1997),1997,313
312,3 Ninjas: High Noon At Mega Mountain (1998),1997,314
313,Apt Pupil (1998),1998,315
314,As Good As It Gets (1997),1997,316
315,In the Name of the Father (1993),1993,317
316,Schindler's List (1993),1993,318
317,Everyone Says I Love You (1996),1996,319
318,Paradise Lost: The Child Murders at Robin Hood Hills (1996),1996,320
319,Mother (1996),1996,321
320,Murder at 1600 (1997),1997,322
321,Dante's Peak (1997),1997,323
322,Lost Highway (1997),1997,324
323,Crash (1996),1997,325
324,G.I. Jane (1997),1997,326
325,Cop Land (1997),1997,327
326,Conspiracy Theory (1997),1997,328
327,Desperate Measures (1998),1998,329
328,187 (1997),1997,330
329,"Edge, The (1997)",1997,331
330,Kiss the Girls (1997),1997,332
331,"Game, The (1997)",1997,333
332,U Turn (1997),1997,334
333,How to Be a Player (1997),1997,335
334,Playing God (1997),1997,336
335,"House of Yes, The (1997)",1997,337
336,Bean (1997),1997,338
337,Mad City (1997),1997,339
338,Boogie Nights (1997),1997,340
339,Critical Care (1997),1997,341
340,"Man Who Knew Too Little, The (1997)",1997,342
341,Alien: Resurrection (1997),1997,343
342,"Apostle, The (1997)",1997,344
343,Deconstructing Harry (1997),1997,345
344,Jackie Brown (1997),1997,346
345,Wag the Dog (1997),1998,347
346,Desperate Measures (1998),1998,348
347,Hard Rain (1998),1998,349
348,Fallen (1998),1998,350
349,"Prophecy II, The (1998)",1998,351
350,Spice World (1997),1997,352
351,Deep Rising (1998),1998,353
352,"Wedding Singer, The (1998)",1998,354
353,Sphere (1998),1998,355
354,"Client, The (1994)",1994,356
355,One Flew Over the Cuckoo's Nest (1975),1975,357
356,Spawn (1997),1997,358
357,"Assignment, The (1997)",1997,359
358,Wonderland (1997),1997,360
359,Incognito (1997),1997,361
360,Blues Brothers 2000 (1998),1998,362
361,Sudden Death (1995),1995,363
362,Ace Ventura: When Nature Calls (1995),1995,364
363,Powder (1995),1995,365
364,Dangerous Minds (1995),1995,366
365,Clueless (1995),1995,367
366,Bio-Dome (1996),1996,368
367,Black Sheep (1996),1996,369
368,Mary Reilly (1996),1996,370
369,"Bridges of Madison County, The (1995)",1996,371
370,Jeffrey (1995),1995,372
371,Judge Dredd (1995),1995,373
372,Mighty Morphin Power Rangers: The Movie (1995),1995,374
373,Showgirls (1995),1995,375
374,Houseguest (1994),1994,376
375,Heavyweights (1994),1994,377
376,Miracle on 34th Street (1994),1994,378
377,Tales From the Crypt Presents: Demon Knight (1995),1995,379
378,Star Trek: Generations (1994),1994,380
379,Muriel's Wedding (1994),1994,381
380,"Adventures of Priscilla, Queen of the Desert, The (1994)",1994,382
381,"Flintstones, The (1994)",1994,383
382,Naked Gun 33 1/3: The Final Insult (1994),1994,384
383,True Lies (1994),1994,385
384,Addams Family Values (1993),1993,386
385,"Age of Innocence, The (1993)",1993,387
386,Beverly Hills Cop III (1994),1994,388
387,Black Beauty (1994),1994,389
388,Fear of a Black Hat (1993),1993,390
389,Last Action Hero (1993),1993,391
390,"Man Without a Face, The (1993)",1993,392
391,Mrs. Doubtfire (1993),1993,393
392,Radioland Murders (1994),1994,394
393,Robin Hood: Men in Tights (1993),1993,395
394,Serial Mom (1994),1994,396
395,Striking Distance (1993),1993,397
396,Super Mario Bros. (1993),1993,398
397,"Three Musketeers, The (1993)",1993,399
398,"Little Rascals, The (1994)",1994,400
399,"Brady Bunch Movie, The (1995)",1995,401
400,Ghost (1990),1990,402
401,Batman (1989),1989,403
402,Pinocchio (1940),1940,404
403,Mission: Impossible (1996),1996,405
404,Thinner (1996),1996,406
405,Spy Hard (1996),1996,407
406,"Close Shave, A (1995)",1996,408
407,Jack (1996),1996,409
408,Kingpin (1996),1996,410
409,"Nutty Professor, The (1996)",1996,411
410,"Very Brady Sequel, A (1996)",1996,412
411,Tales from the Crypt Presents: Bordello of Blood (1996),1996,413
412,My Favorite Year (1982),1982,414
413,"Apple Dumpling Gang, The (1975)",1975,415
414,Old Yeller (1957),1957,416
415,"Parent Trap, The (1961)",1961,417
416,Cinderella (1950),1950,418
417,Mary Poppins (1964),1964,419
418,Alice in Wonderland (1951),1951,420
419,William Shakespeare's Romeo and Juliet (1996),1996,421
420,Aladdin and the King of Thieves (1996),1996,422
421,E.T. the Extra-Terrestrial (1982),1982,423
422,Children of the Corn: The Gathering (1996),1996,424
423,Bob Roberts (1992),1992,425
424,"Transformers: The Movie, The (1986)",1986,426
425,To Kill a Mockingbird (1962),1962,427
426,Harold and Maude (1971),1971,428
427,"Day the Earth Stood Still, The (1951)",1951,429
428,Duck Soup (1933),1933,430
429,Highlander (1986),1986,431
430,Fantasia (1940),1940,432
431,Heathers (1989),1989,433
432,Forbidden Planet (1956),1956,434
433,Butch Cassidy and the Sundance Kid (1969),1969,435
434,"American Werewolf in London, An (1981)",1981,436
435,Amityville 1992: It's About Time (1992),1992,437
436,Amityville 3-D (1983),1983,438
437,Amityville: A New Generation (1993),1993,439
438,Amityville II: The Possession (1982),1982,440
439,"Amityville Horror, The (1979)",1979,441
440,"Amityville Curse, The (1990)",1990,442
441,"Birds, The (1963)",1963,443
442,"Blob, The (1958)",1958,444
443,"Body Snatcher, The (1945)",1945,445
444,Burnt Offerings (1976),1976,446
445,Carrie (1976),1976,447
446,"Omen, The (1976)",1976,448
447,Star Trek: The Motion Picture (1979),1979,449
448,Star Trek V: The Final Frontier (1989),1989,450
449,Grease (1978),1978,451
450,Jaws 2 (1978),1978,452
451,Jaws 3-D (1983),1983,453
452,Bastard Out of Carolina (1996),1996,454
453,Jackie Chan's First Strike (1996),1997,455
454,Beverly Hills Ninja (1997),1997,456
455,Free Willy 3: The Rescue (1997),1997,457
456,Nixon (1995),1995,458
457,"Cry, the Beloved Country (1995)",1995,459
458,"Crossing Guard, The (1995)",1995,460
459,Smoke (1995),1995,461
460,Like Water For Chocolate (Como agua para chocolate) (1992),1992,462
461,"Secret of Roan Inish, The (1994)",1994,463
462,Vanya on 42nd Street (1994),1994,464
463,"Jungle Book, The (1994)",1994,465
464,Red Rock West (1992),1992,466
465,"Bronx Tale, A (1993)",1993,467
466,Rudy (1993),1993,468
467,Short Cuts (1993),1993,469
468,Tombstone (1993),1993,470
469,Courage Under Fire (1996),1996,471
470,Dragonheart (1996),1996,472
471,James and the Giant Peach (1996),1996,473
472,Dr. Strangelove or: How I Learned to Stop Worrying and Love the Bomb (1963),1963,474
473,Trainspotting (1996),1996,475
474,"First Wives Club, The (1996)",1996,476
475,Matilda (1996),1996,477
476,"Philadelphia Story, The (1940)",1940,478
477,Vertigo (1958),1958,479
478,North by Northwest (1959),1959,480
479,"Apartment, The (1960)",1960,481
480,Some Like It Hot (1959),1959,482
481,Casablanca (1942),1942,483
482,"Maltese Falcon, The (1941)",1941,484
483,My Fair Lady (1964),1964,485
484,Sabrina (1954),1954,486
485,Roman Holiday (1953),1953,487
486,Sunset Blvd. (1950),1950,488
487,Notorious (1946),1946,489
488,To Catch a Thief (1955),1955,490
489,"Adventures of Robin Hood, The (1938)",1938,491
490,East of Eden (1955),1955,492
491,"Thin Man, The (1934)",1934,493
492,His Girl Friday (1940),1940,494
493,Around the World in 80 Days (1956),1956,495
494,It's a Wonderful Life (1946),1946,496
495,Bringing Up Baby (1938),1938,497
496,"African Queen, The (1951)",1951,498
497,Cat on a Hot Tin Roof (1958),1958,499
498,Fly Away Home (1996),1996,500
499,Dumbo (1941),1941,501
500,Bananas (1971),1971,502
501,"Candidate, The (1972)",1972,503
502,Bonnie and Clyde (1967),1967,504
503,Dial M for Murder (1954),1954,505
504,Rebel Without a Cause (1955),1955,506
505,"Streetcar Named Desire, A (1951)",1951,507
506,"People vs. Larry Flynt, The (1996)",1996,508
507,My Left Foot (1989),1989,509
508,"Magnificent Seven, The (1954)",1954,510
509,Lawrence of Arabia (1962),1962,511
510,Wings of Desire (1987),1987,512
511,"Third Man, The (1949)",1949,513
512,Annie Hall (1977),1977,514
513,"Boot, Das (1981)",1997,515
514,Local Hero (1983),1983,516
515,Manhattan (1979),1979,517
516,Miller's Crossing (1990),1990,518
517,"Treasure of the Sierra Madre, The (1948)",1948,519
518,"Great Escape, The (1963)",1963,520
519,"Deer Hunter, The (1978)",1978,521
520,Down by Law (1986),1986,522
521,Cool Hand Luke (1967),1967,523
522,"Great Dictator, The (1940)",1940,524
523,"Big Sleep, The (1946)",1946,525
524,Ben-Hur (1959),1959,526
525,Gandhi (1982),1982,527
526,"Killing Fields, The (1984)",1984,528
527,My Life as a Dog (Mitt liv som hund) (1985),1985,529
528,"Man Who Would Be King, The (1975)",1975,530
529,Shine (1996),1996,531
530,Kama Sutra: A Tale of Love (1996),1997,532
531,"Daytrippers, The (1996)",1997,533
532,Traveller (1997),1997,534
533,Addicted to Love (1997),1997,535
534,Ponette (1996),1997,536
535,My Own Private Idaho (1991),1991,537
536,Anastasia (1997),1997,538
537,Mouse Hunt (1997),1997,539
538,Money Train (1995),1995,540
539,Mortal Kombat (1995),1995,541
540,Pocahontas (1995),1995,542
541,"Misérables, Les (1995)",1995,543
542,Things to Do in Denver when You're Dead (1995),1996,544
543,Vampire in Brooklyn (1995),1995,545
544,Broken Arrow (1996),1996,546
545,"Young Poisoner's Handbook, The (1995)",1996,547
546,"NeverEnding Story III, The (1994)",1996,548
547,Rob Roy (1995),1995,549
548,Die Hard: With a Vengeance (1995),1995,550
549,Lord of Illusions (1995),1995,551
550,Species (1995),1995,552
551,"Walk in the Clouds, A (1995)",1995,553
552,Waterworld (1995),1995,554
553,White Man's Burden (1995),1995,555
554,Wild Bill (1995),1995,556
555,Farinelli: il castrato (1994),1994,557
556,Heavenly Creatures (1994),1994,558
557,Interview with the Vampire (1994),1994,559
558,"Kid in King Arthur's Court, A (1995)",1995,560
559,Mary Shelley's Frankenstein (1994),1994,561
560,"Quick and the Dead, The (1995)",1995,562
561,Stephen King's The Langoliers (1995),1995,563
562,Tales from the Hood (1995),1995,564
563,Village of the Damned (1995),1995,565
564,Clear and Present Danger (1994),1994,566
565,Wes Craven's New Nightmare (1994),1994,567
566,Speed (1994),1994,568
567,Wolf (1994),1994,569
568,Wyatt Earp (1994),1994,570
569,Another Stakeout (1993),1993,571
570,Blown Away (1994),1994,572
571,Body Snatchers (1993),1993,573
572,Boxing Helena (1993),1993,574
573,City Slickers II: The Legend of Curly's Gold (1994),1994,575
574,Cliffhanger (1993),1993,576
575,Coneheads (1993),1993,577
576,Demolition Man (1993),1993,578
577,Fatal Instinct (1993),1993,579
578,"Englishman Who Went Up a Hill, But Came Down a Mountain, The (1995)",1995,580
579,Kalifornia (1993),1993,581
580,"Piano, The (1993)",1993,582
581,Romeo Is Bleeding (1993),1993,583
582,"Secret Garden, The (1993)",1993,584
583,Son in Law (1993),1993,585
584,Terminal Velocity (1994),1994,586
585,"Hour of the Pig, The (1993)",1993,587
586,Beauty and the Beast (1991),1991,588
587,"Wild Bunch, The (1969)",1969,589
588,Hellraiser: Bloodline (1996),1996,590
589,Primal Fear (1996),1996,591
590,True Crime (1995),1995,592
591,Stalingrad (1993),1993,593
592,Heavy (1995),1996,594
593,"Fan, The (1996)",1996,595
594,"Hunchback of Notre Dame, The (1996)",1996,596
595,Eraser (1996),1996,597
596,"Big Squeeze, The (1996)",1996,598
597,Police Story 4: Project S (Chao ji ji hua) (1993),1996,599
598,Daniel Defoe's Robinson Crusoe (1996),1996,600
599,For Whom the Bell Tolls (1943),1943,601
600,"American in Paris, An (1951)",1951,602
601,Rear Window (1954),1954,603
602,It Happened One Night (1934),1934,604
603,Meet Me in St. Louis (1944),1944,605
604,All About Eve (1950),1950,606
605,Rebecca (1940),1940,607
606,Spellbound (1945),1945,608
607,Father of the Bride (1950),1950,609
608,Gigi (1958),1958,610
609,Laura (1944),1944,611
610,Lost Horizon (1937),1937,612
611,My Man Godfrey (1936),1936,613
612,Giant (1956),1956,614
613,"39 Steps, The (1935)",1935,615
614,Night of the Living Dead (1968),1968,616
615,"Blue Angel, The (Blaue Engel, Der) (1930)",1930,617
616,Picnic (1955),1955,618
617,Extreme Measures (1996),1996,619
618,"Chamber, The (1996)",1996,620
619,"Davy Crockett, King of the Wild Frontier (1955)",1955,621
620,Swiss Family Robinson (1960),1960,622
621,Angels in the Outfield (1994),1994,623
622,"Three Caballeros, The (1945)",1945,624
623,"Sword in the Stone, The (1963)",1963,625
624,So Dear to My Heart (1949),1949,626
625,Robin Hood: Prince of Thieves (1991),1991,627
626,Sleepers (1996),1996,628
627,Victor/Victoria (1982),1982,629
628,"Great Race, The (1965)",1965,630
629,"Crying Game, The (1992)",1992,631
630,Sophie's Choice (1982),1982,632
631,"Christmas Carol, A (1938)",1938,633
632,Microcosmos: Le peuple de l'herbe (1996),1996,634
633,"Fog, The (1980)",1980,635
634,Escape from New York (1981),1981,636
635,"Howling, The (1981)",1981,637
636,"Return of Martin Guerre, The (Retour de Martin Guerre, Le) (1982)",1982,638
637,"Tin Drum, The (Blechtrommel, Die) (1979)",1979,639
638,"Cook the Thief His Wife & Her Lover, The (1989)",1989,640
639,Paths of Glory (1957),1957,641
640,"Grifters, The (1990)",1990,642
641,The Innocent (1994),1994,643
642,"Thin Blue Line, The (1988)",1988,644
643,Paris Is Burning (1990),1990,645
644,Once Upon a Time in the West (1969),1969,646
645,Ran (1985),1985,647
646,"Quiet Man, The (1952)",1952,648
647,Once Upon a Time in America (1984),1984,649
648,"Seventh Seal, The (Sjunde inseglet, Det) (1957)",1957,650
649,Glory (1989),1989,651
650,Rosencrantz and Guildenstern Are Dead (1990),1990,652
651,Touch of Evil (1958),1958,653
652,Chinatown (1974),1974,654
653,Stand by Me (1986),1986,655
654,M (1931),1931,656
655,"Manchurian Candidate, The (1962)",1962,657
656,Pump Up the Volume (1990),1990,658
657,Arsenic and Old Lace (1944),1944,659
658,Fried Green Tomatoes (1991),1991,660
659,High Noon (1952),1952,661
660,Somewhere in Time (1980),1980,662
661,Being There (1979),1979,663
662,"Paris, Texas (1984)",1984,664
663,Alien 3 (1992),1992,665
664,Blood For Dracula (Andy Warhol's Dracula) (1974),1974,666
665,Audrey Rose (1977),1977,667
666,Blood Beach (1981),1981,668
667,Body Parts (1991),1991,669
668,Body Snatchers (1993),1993,670
669,Bride of Frankenstein (1935),1935,671
670,Candyman (1992),1992,672
671,Cape Fear (1962),1962,673
672,Cat People (1982),1982,674
673,"Nosferatu (Nosferatu, eine Symphonie des Grauens) (1922)",1922,675
674,"Crucible, The (1996)",1996,676
675,Fire on the Mountain (1996),1997,677
676,Volcano (1997),1997,678
677,Conan the Barbarian (1981),1981,679
678,Kull the Conqueror (1997),1997,680
679,Wishmaster (1997),1997,681
680,I Know What You Did Last Summer (1997),1997,682
681,Rocket Man (1997),1997,683
682,In the Line of Fire (1993),1993,684
683,Executive Decision (1996),1996,685
684,"Perfect World, A (1993)",1993,686
685,McHale's Navy (1997),1997,687
686,Leave It to Beaver (1997),1997,688
687,"Jackal, The (1997)",1997,689
688,Seven Years in Tibet (1997),1997,690
689,Dark City (1998),1998,691
690,"American President, The (1995)",1995,692
691,Casino (1995),1995,693
692,Persuasion (1995),1995,694
693,Kicking and Screaming (1995),1995,695
694,City Hall (1996),1996,696
695,"Basketball Diaries, The (1995)",1995,697
696,"Browning Version, The (1994)",1994,698
697,Little Women (1994),1994,699
698,Miami Rhapsody (1995),1995,700
699,"Wonderful, Horrible Life of Leni Riefenstahl, The (1993)",1993,701
700,Barcelona (1994),1994,702
701,Widows' Peak (1994),1994,703
702,"House of the Spirits, The (1993)",1993,704
703,Singin' in the Rain (1952),1952,705
704,Bad Moon (1996),1996,706
705,Enchanted April (1991),1991,707
706,"Sex, Lies, and Videotape (1989)",1989,708
707,Strictly Ballroom (1992),1992,709
708,Better Off Dead... (1985),1985,710
709,"Substance of Fire, The (1996)",1996,711
710,Tin Men (1987),1987,712
711,Othello (1995),1995,713
712,Carrington (1995),1995,714
713,To Die For (1995),1995,715
714,Home for the Holidays (1995),1995,716
715,"Juror, The (1996)",1996,717
716,In the Bleak Midwinter (1995),1996,718
717,Canadian Bacon (1994),1994,719
718,First Knight (1995),1995,720
719,Mallrats (1995),1995,721
720,Nine Months (1995),1995,722
721,Boys on the Side (1995),1995,723
722,Circle of Friends (1995),1995,724
723,Exit to Eden (1994),1994,725
724,Fluke (1995),1995,726
725,Immortal Beloved (1994),1994,727
726,Junior (1994),1994,728
727,Nell (1994),1994,729
728,"Queen Margot (Reine Margot, La) (1994)",1996,730
729,"Corrina, Corrina (1994)",1994,731
730,Dave (1993),1993,732
731,Go Fish (1994),1994,733
732,Made in America (1993),1993,734
733,Philadelphia (1993),1993,735
734,Shadowlands (1993),1993,736
735,Sirens (1994),1994,737
736,Threesome (1994),1994,738
737,Pretty Woman (1990),1990,739
738,Jane Eyre (1996),1996,740
739,"Last Supper, The (1995)",1996,741
740,Ransom (1996),1996,742
741,"Crow: City of Angels, The (1996)",1996,743
742,Michael Collins (1996),1996,744
743,"Ruling Class, The (1972)",1972,745
744,Real Genius (1985),1985,746
745,Benny & Joon (1993),1993,747
746,"Saint, The (1997)",1997,748
747,"MatchMaker, The (1997)",1997,749
748,Amistad (1997),1997,750
749,Tomorrow Never Dies (1997),1997,751
750,"Replacement Killers, The (1998)",1998,752
751,Burnt By the Sun (1994),1994,753
752,Red Corner (1997),1997,754
753,Jumanji (1995),1995,755
754,Father of the Bride Part II (1995),1995,756
755,Across the Sea of Time (1995),1995,757
756,Lawnmower Man 2: Beyond Cyberspace (1996),1996,758
757,Fair Game (1995),1995,759
758,Screamers (1995),1995,760
759,Nick of Time (1995),1995,761
760,Beautiful Girls (1996),1996,762
761,Happy Gilmore (1996),1996,763
762,If Lucy Fell (1996),1996,764
763,Boomerang (1992),1992,765
764,Man of the Year (1995),1996,766
765,"Addiction, The (1995)",1995,767
766,Casper (1995),1995,768
767,Congo (1995),1995,769
768,Devil in a Blue Dress (1995),1995,770
769,Johnny Mnemonic (1995),1995,771
770,Kids (1995),1995,772
771,Mute Witness (1994),1994,773
772,"Prophecy, The (1995)",1995,774
773,Something to Talk About (1995),1995,775
774,Three Wishes (1995),1995,776
775,Castle Freak (1995),1995,777
776,Don Juan DeMarco (1995),1995,778
777,Drop Zone (1994),1994,779
778,Dumb & Dumber (1994),1994,780
779,French Kiss (1995),1995,781
780,Little Odessa (1994),1994,782
781,Milk Money (1994),1994,783
782,Beyond Bedlam (1993),1993,784
783,Only You (1994),1994,785
784,"Perez Family, The (1995)",1995,786
785,Roommates (1995),1995,787
786,Relative Fear (1994),1994,788
787,Swimming with Sharks (1995),1995,789
788,Tommy Boy (1995),1995,790
789,"Baby-Sitters Club, The (1995)",1995,791
790,Bullets Over Broadway (1994),1994,792
791,Crooklyn (1994),1994,793
792,It Could Happen to You (1994),1994,794
793,Richie Rich (1994),1994,795
794,Speechless (1994),1994,796
795,Timecop (1994),1994,797
796,Bad Company (1995),1995,798
797,Boys Life (1995),1995,799
798,In the Mouth of Madness (1995),1995,800
799,"Air Up There, The (1994)",1994,801
800,Hard Target (1993),1993,802
801,Heaven & Earth (1993),1993,803
802,Jimmy Hollywood (1994),1994,804
803,Manhattan Murder Mystery (1993),1993,805
804,Menace II Society (1993),1993,806
805,Poetic Justice (1993),1993,807
806,"Program, The (1993)",1993,808
807,Rising Sun (1993),1993,809
808,"Shadow, The (1994)",1994,810
809,Thirty-Two Short Films About Glenn Gould (1993),1993,811
810,Andre (1994),1994,812
811,"Celluloid Closet, The (1995)",1996,813
812,"Great Day in Harlem, A (1994)",1994,814
813,One Fine Day (1996),1996,815
814,Candyman: Farewell to the Flesh (1995),1995,816
815,Frisk (1995),1996,817
816,Girl 6 (1996),1996,818
817,Eddie (1996),1996,819
818,Space Jam (1996),1996,820
819,Mrs. Winterbourne (1996),1996,821
820,Faces (1968),1968,822
821,Mulholland Falls (1996),1996,823
822,"Great White Hype, The (1996)",1996,824
823,"Arrival, The (1996)",1996,825
824,"Phantom, The (1996)",1996,826
825,Daylight (1996),1996,827
826,Alaska (1996),1996,828
827,Fled (1996),1996,829
828,Power 98 (1995),1996,830
829,Escape from L.A. (1996),1996,831
830,Bogus (1996),1996,832
831,Bulletproof (1996),1996,833
832,Halloween: The Curse of Michael Myers (1995),1995,834
833,"Gay Divorcee, The (1934)",1934,835
834,Ninotchka (1939),1939,836
835,Meet John Doe (1941),1941,837
836,In the Line of Duty 2 (1987),1996,838
837,Loch Ness (1995),1995,839
838,Last Man Standing (1996),1996,840
839,"Glimmer Man, The (1996)",1996,841
840,Pollyanna (1960),1960,842
841,"Shaggy Dog, The (1959)",1959,843
842,Freeway (1996),1996,844
843,That Thing You Do! (1996),1996,845
844,To Gillian on Her 37th Birthday (1996),1996,846
845,Looking for Richard (1996),1996,847
846,"Murder, My Sweet (1944)",1944,848
847,Days of Thunder (1990),1990,849
848,"Perfect Candidate, A (1996)",1996,850
849,Two or Three Things I Know About Her (1966),1966,851
850,"Bloody Child, The (1996)",1996,852
851,Braindead (1992),1992,853
852,Bad Taste (1987),1987,854
853,Diva (1981),1981,855
854,Night on Earth (1991),1991,856
855,Paris Was a Woman (1995),1996,857
856,Amityville: Dollhouse (1996),1996,858
857,April Fool's Day (1986),1986,859
858,"Believers, The (1987)",1987,860
859,Nosferatu a Venezia (1986),1986,861
860,Jingle All the Way (1996),1996,862
861,"Garden of Finzi-Contini, The (Giardino dei Finzi-Contini, Il) (1970)",1996,863
862,My Fellow Americans (1996),1996,864
863,"Ice Storm, The (1997)",1997,865
864,Michael (1996),1996,866
865,"Whole Wide World, The (1996)",1996,867
866,Hearts and Minds (1996),1997,868
867,Fools Rush In (1997),1997,869
868,Touch (1997),1997,870
869,Vegas Vacation (1997),1997,871
870,Love Jones (1997),1997,872
871,Picture Perfect (1997),1997,873
872,Career Girls (1997),1997,874
873,She's So Lovely (1997),1997,875
874,Money Talks (1997),1997,876
875,Excess Baggage (1997),1997,877
876,That Darn Cat! (1997),1997,878
877,"Peacemaker, The (1997)",1997,879
878,Soul Food (1997),1997,880
879,Money Talks (1997),1997,881
880,Washington Square (1997),1997,882
881,Telling Lies in America (1997),1997,883
882,Year of the Horse (1997),1997,884
883,Phantoms (1998),1998,885
884,"Life Less Ordinary, A (1997)",1997,886
885,Eve's Bayou (1997),1997,887
886,One Night Stand (1997),1997,888
887,"Tango Lesson, The (1997)",1997,889
888,Mortal Kombat: Annihilation (1997),1997,890
889,Bent (1997),1997,891
890,Flubber (1997),1997,892
891,For Richer or Poorer (1997),1997,893
892,Home Alone 3 (1997),1997,894
893,Scream 2 (1997),1997,895
894,"Sweet Hereafter, The (1997)",1997,896
895,Time Tracers (1995),1995,897
896,"Postman, The (1997)",1997,898
897,"Winter Guest, The (1997)",1997,899
898,Kundun (1997),1997,900
899,Mr. Magoo (1997),1997,901
900,"Big Lebowski, The (1998)",1997,902
901,Afterglow (1997),1997,903
902,Ma vie en rose (My Life in Pink) (1997),1997,904
903,Great Expectations (1998),1998,905
904,Oscar & Lucinda (1997),1997,906
905,Vermin (1998),1997,907
906,Half Baked (1998),1998,908
907,Dangerous Beauty (1998),1998,909
908,Nil By Mouth (1997),1998,910
909,Twilight (1998),1998,911
910,U.S. Marshalls (1998),1998,912
911,Love and Death on Long Island (1997),1998,913
912,Wild Things (1998),1998,914
913,Primary Colors (1998),1998,915
914,Lost in Space (1998),1998,916
915,Mercury Rising (1998),1998,917
916,City of Angels (1998),1998,918
917,"City of Lost Children, The (1995)",1995,919
918,Two Bits (1995),1995,920
919,Farewell My Concubine (1993),1993,921
920,Dead Man (1995),1996,922
921,Raise the Red Lantern (1991),1991,923
922,White Squall (1996),1996,924
923,Unforgettable (1996),1996,925
924,Down Periscope (1996),1996,926
925,"Flower of My Secret, The (Flor de mi secreto, La) (1995)",1996,927
926,"Craft, The (1996)",1996,928
927,Harriet the Spy (1996),1996,929
928,Chain Reaction (1996),1996,930
929,"Island of Dr. Moreau, The (1996)",1996,931
930,First Kid (1996),1996,932
931,"Funeral, The (1996)",1996,933
932,"Preacher's Wife, The (1996)",1996,934
933,Paradise Road (1997),1997,935
934,Brassed Off (1996),1997,936
935,"Thousand Acres, A (1997)",1997,937
936,"Smile Like Yours, A (1997)",1997,938
937,Murder in the First (1995),1995,939
938,Airheads (1994),1994,940
939,With Honors (1994),1994,941
940,What's Love Got to Do with It (1993),1993,942
941,Killing Zoe (1994),1994,943
942,Renaissance Man (1994),1994,944
943,Charade (1963),1963,945
944,"Fox and the Hound, The (1981)",1981,946
945,"Big Blue, The (Grand bleu, Le) (1988)",1988,947
946,Booty Call (1997),1997,948
947,How to Make an American Quilt (1995),1995,949
948,Georgia (1995),1995,950
949,"Indian in the Cupboard, The (1995)",1995,951
950,Blue in the Face (1995),1995,952
951,Unstrung Heroes (1995),1995,953
952,Unzipped (1995),1995,954
953,Before Sunrise (1995),1995,955
954,Nobody's Fool (1994),1994,956
955,Pushing Hands (1992),1992,957
956,To Live (Huozhe) (1994),1994,958
957,Dazed and Confused (1993),1993,959
958,Naked (1993),1993,960
959,Orlando (1993),1993,961
960,Ruby in Paradise (1993),1993,962
961,Some Folks Call It a Sling Blade (1993),1993,963
962,"Month by the Lake, A (1995)",1995,964
963,Funny Face (1957),1957,965
964,"Affair to Remember, An (1957)",1957,966
965,Little Lord Fauntleroy (1936),1936,967
966,"Inspector General, The (1949)",1949,968
967,Winnie the Pooh and the Blustery Day (1968),1968,969
968,Hear My Song (1991),1991,970
969,Mediterraneo (1991),1991,971
970,Passion Fish (1992),1992,972
971,Grateful Dead (1995),1996,973
972,Eye for an Eye (1996),1996,974
973,Fear (1996),1996,975
974,Solo (1996),1996,976
975,"Substitute, The (1996)",1996,977
976,Heaven's Prisoners (1996),1996,978
977,"Trigger Effect, The (1996)",1996,979
978,Mother Night (1996),1996,980
979,Dangerous Ground (1997),1996,981
980,Maximum Risk (1996),1996,982
981,"Rich Man's Wife, The (1996)",1996,983
982,Shadow Conspiracy (1997),1997,984
983,Blood & Wine (1997),1996,985
984,Turbulence (1997),1997,986
985,Underworld (1997),1997,987
986,"Beautician and the Beast, The (1997)",1997,988
987,Cats Don't Dance (1997),1997,989
988,Anna Karenina (1997),1997,990
989,Keys to Tulsa (1997),1997,991
990,Head Above Water (1996),1997,992
991,Hercules (1997),1997,993
992,"Last Time I Committed Suicide, The (1997)",1997,994
993,"Kiss Me, Guido (1997)",1997,995
994,"Big Green, The (1995)",1995,996
995,Stuart Saves His Family (1995),1995,997
996,Cabin Boy (1994),1994,998
997,Clean Slate (1994),1994,999
998,Lightning Jack (1994),1994,1000
999,"Stupids, The (1996)",1996,1001
1000,"Pest, The (1997)",1997,1002
1001,That Darn Cat! (1997),1997,1003
1002,Geronimo: An American Legend (1993),1993,1004
1003,"Double vie de Véronique, La (Double Life of Veronique, The) (1991)",1991,1005
1004,Until the End of the World (Bis ans Ende der Welt) (1991),1991,1006
1005,Waiting for Guffman (1996),1997,1007
1006,I Shot Andy Warhol (1996),1996,1008
1007,Stealing Beauty (1996),1996,1009
1008,Basquiat (1996),1996,1010
1009,2 Days in the Valley (1996),1996,1011
1010,Private Parts (1997),1997,1012
1011,Anaconda (1997),1997,1013
1012,Romy and Michele's High School Reunion (1997),1997,1014
1013,Shiloh (1997),1997,1015
1014,Con Air (1997),1997,1016
1015,Trees Lounge (1996),1996,1017
1016,Tie Me Up! Tie Me Down! (1990),1990,1018
1017,"Die xue shuang xiong (Killer, The) (1989)",1989,1019
1018,Gaslight (1944),1944,1020
1019,8 1/2 (1963),1963,1021
1020,"Fast, Cheap & Out of Control (1997)",1997,1022
1021,Fathers' Day (1997),1997,1023
1022,Mrs. Dalloway (1997),1997,1024
1023,Fire Down Below (1997),1997,1025
1024,"Lay of the Land, The (1997)",1997,1026
1025,"Shooter, The (1995)",1995,1027
1026,Grumpier Old Men (1995),1995,1028
1027,Jury Duty (1995),1995,1029
1028,"Beverly Hillbillies, The (1993)",1993,1030
1029,Lassie (1994),1994,1031
1030,Little Big League (1994),1994,1032
1031,Homeward Bound II: Lost in San Francisco (1996),1996,1033
1032,"Quest, The (1996)",1996,1034
1033,Cool Runnings (1993),1993,1035
1034,Drop Dead Fred (1991),1991,1036
1035,Grease 2 (1982),1982,1037
1036,Switchback (1997),1997,1038
1037,Hamlet (1996),1997,1039
1038,Two if by Sea (1996),1996,1040
1039,Forget Paris (1995),1995,1041
1040,Just Cause (1995),1995,1042
1041,Rent-a-Kid (1995),1995,1043
1042,"Paper, The (1994)",1994,1044
1043,Fearless (1993),1993,1045
1044,Malice (1993),1993,1046
1045,Multiplicity (1996),1996,1047
1046,She's the One (1996),1996,1048
1047,House Arrest (1996),1996,1049
1048,"Ghost and Mrs. Muir, The (1947)",1947,1050
1049,"Associate, The (1996)",1996,1051
1050,Dracula: Dead and Loving It (1995),1995,1052
1051,Now and Then (1995),1995,1053
1052,Mr. Wrong (1996),1996,1054
1053,"Simple Twist of Fate, A (1994)",1994,1055
1054,Cronos (1992),1992,1056
1055,"Pallbearer, The (1996)",1996,1057
1056,"War, The (1994)",1994,1058
1057,Don't Be a Menace to South Central While Drinking Your Juice in the Hood (1996),1996,1059
1058,"Adventures of Pinocchio, The (1996)",1996,1060
1059,"Evening Star, The (1996)",1996,1061
1060,Four Days in September (1997),1998,1062
1061,"Little Princess, A (1995)",1995,1063
1062,Crossfire (1947),1947,1064
1063,Koyaanisqatsi (1983),1983,1065
1064,Balto (1995),1995,1066
1065,Bottle Rocket (1996),1996,1067
1066,"Star Maker, The (Uomo delle stelle, L') (1995)",1996,1068
1067,Amateur (1994),1994,1069
1068,Living in Oblivion (1995),1995,1070
1069,Party Girl (1995),1995,1071
1070,"Pyromaniac's Love Story, A (1995)",1995,1072
1071,Shallow Grave (1994),1994,1073
1072,Reality Bites (1994),1994,1074
1073,"Man of No Importance, A (1994)",1994,1075
1074,"Pagemaster, The (1994)",1994,1076
1075,Love and a .45 (1994),1994,1077
1076,Oliver & Company (1988),1988,1078
1077,Joe's Apartment (1996),1996,1079
1078,Celestial Clockwork (1994),1996,1080
1079,Curdled (1996),1996,1081
1080,Female Perversions (1996),1997,1082
1081,Albino Alligator (1996),1997,1083
1082,Anne Frank Remembered (1995),1996,1084
1083,Carried Away (1996),1996,1085
1084,It's My Party (1995),1996,1086
1085,Bloodsport 2 (1995),1996,1087
1086,Double Team (1997),1997,1088
1087,Speed 2: Cruise Control (1997),1997,1089
1088,Sliver (1993),1993,1090
1089,Pete's Dragon (1977),1977,1091
1090,Dear God (1996),1996,1092
1091,Live Nude Girls (1995),1996,1093
1092,"Thin Line Between Love and Hate, A (1996)",1996,1094
1093,High School High (1996),1996,1095
1094,Commandments (1997),1997,1096
1095,"Hate (Haine, La) (1995)",1996,1097
1096,Flirting With Disaster (1996),1996,1098
1097,"Red Firecracker, Green Firecracker (1994)",1994,1099
1098,What Happened Was... (1994),1994,1100
1099,Six Degrees of Separation (1993),1993,1101
1100,Two Much (1996),1996,1102
1101,Trust (1990),1990,1103
1102,C'est arrivé près de chez vous (1992),1992,1104
1103,Firestorm (1998),1998,1105
1104,"Newton Boys, The (1998)",1998,1106
1105,Beyond Rangoon (1995),1995,1107
1106,Feast of July (1995),1995,1108
1107,Death and the Maiden (1994),1994,1109
1108,Tank Girl (1995),1995,1110
1109,Double Happiness (1994),1996,1111
1110,Cobb (1994),1994,1112
1111,Mrs. Parker and the Vicious Circle (1994),1994,1113
1112,Faithful (1996),1996,1114
1113,Twelfth Night (1996),1996,1115
1114,"Mark of Zorro, The (1940)",1940,1116
1115,Surviving Picasso (1996),1996,1117
1116,Up in Smoke (1978),1978,1118
1117,Some Kind of Wonderful (1987),1987,1119
1118,I'm Not Rappaport (1996),1996,1120
1119,"Umbrellas of Cherbourg, The (Parapluies de Cherbourg, Les) (1964)",1996,1121
1120,They Made Me a Criminal (1939),1939,1122
1121,"Last Time I Saw Paris, The (1954)",1954,1123
1122,"Farewell to Arms, A (1932)",1932,1124
1123,"Innocents, The (1961)",1961,1125
1124,"Old Man and the Sea, The (1958)",1958,1126
1125,"Truman Show, The (1998)",1998,1127
1126,Heidi Fleiss: Hollywood Madam (1995) ,1996,1128
1127,Chungking Express (1994),1996,1129
1128,Jupiter's Wife (1994),1996,1130
1129,Safe (1995),1995,1131
1130,Feeling Minnesota (1996),1996,1132
1131,Escape to Witch Mountain (1975),1975,1133
1132,Get on the Bus (1996),1996,1134
1133,"Doors, The (1991)",1991,1135
1134,Ghosts of Mississippi (1996),1996,1136
1135,Beautiful Thing (1996),1996,1137
1136,Best Men (1997),1997,1138
1137,Hackers (1995),1995,1139
1138,"Road to Wellville, The (1994)",1994,1140
1139,"War Room, The (1993)",1993,1141
1140,When We Were Kings (1996),1997,1142
1141,Hard Eight (1996),1997,1143
1142,"Quiet Room, The (1996)",1997,1144
1143,Blue Chips (1994),1994,1145
1144,Calendar Girl (1993),1993,1146
1145,My Family (1995),1995,1147
1146,Tom & Viv (1994),1994,1148
1147,Walkabout (1971),1971,1149
1148,Last Dance (1996),1996,1150
1149,Original Gangstas (1996),1996,1151
1150,In Love and War (1996),1997,1152
1151,Backbeat (1993),1993,1153
1152,Alphaville (1965),1965,1154
1153,"Rendezvous in Paris (Rendez-vous de Paris, Les) (1995)",1996,1155
1154,Cyclo (1995),1996,1156
1155,"Relic, The (1997)",1997,1157
1156,"Fille seule, La (A Single Girl) (1995)",1996,1158
1157,Stalker (1979),1979,1159
1158,Love! Valour! Compassion! (1997),1997,1160
1159,Palookaville (1996),1996,1161
1160,Phat Beach (1996),1996,1162
1161,"Portrait of a Lady, The (1996)",1996,1163
1162,Zeus and Roxanne (1997),1997,1164
1163,Big Bully (1996),1996,1165
1164,Love & Human Remains (1993),1993,1166
1165,"Sum of Us, The (1994)",1994,1167
1166,Little Buddha (1993),1993,1168
1167,Fresh (1994),1994,1169
1168,Spanking the Monkey (1994),1994,1170
1169,Wild Reeds (1994),1994,1171
1170,"Women, The (1939)",1939,1172
1171,Bliss (1997),1997,1173
1172,Caught (1996),1996,1174
1173,Hugo Pool (1997),1997,1175
1174,Welcome To Sarajevo (1997),1997,1176
1175,Dunston Checks In (1996),1996,1177
1176,Major Payne (1994),1994,1178
1177,Man of the House (1995),1995,1179
1178,I Love Trouble (1994),1994,1180
1179,"Low Down Dirty Shame, A (1994)",1994,1181
1180,Cops and Robbersons (1994),1994,1182
1181,"Cowboy Way, The (1994)",1994,1183
1182,"Endless Summer 2, The (1994)",1994,1184
1183,In the Army Now (1994),1994,1185
1184,"Inkwell, The (1994)",1994,1186
1185,Switchblade Sisters (1975),1975,1187
1186,Young Guns II (1990),1990,1188
1187,Prefontaine (1997),1997,1189
1188,That Old Feeling (1997),1997,1190
1189,"Letter From Death Row, A (1998)",1998,1191
1190,"Boys of St. Vincent, The (1993)",1993,1192
1191,Before the Rain (Pred dozhdot) (1994),1994,1193
1192,Once Were Warriors (1994),1994,1194
1193,Strawberry and Chocolate (Fresa y chocolate) (1993),1993,1195
1194,"Savage Nights (Nuits fauves, Les) (1992)",1992,1196
1195,"Family Thing, A (1996)",1996,1197
1196,Purple Noon (1960),1960,1198
1197,Cemetery Man (Dellamorte Dellamore) (1994),1996,1199
1198,Kim (1950),1950,1200
1199,Marlene Dietrich: Shadow and Light (1996) ,1996,1201
1200,"Maybe, Maybe Not (Bewegte Mann, Der) (1994)",1996,1202
1201,Top Hat (1935),1935,1203
1202,To Be or Not to Be (1942),1942,1204
1203,"Secret Agent, The (1996)",1996,1205
1204,Amos & Andrew (1993),1993,1206
1205,Jade (1995),1995,1207
1206,Kiss of Death (1995),1995,1208
1207,Mixed Nuts (1994),1994,1209
1208,Virtuosity (1995),1995,1210
1209,Blue Sky (1994),1994,1211
1210,Flesh and Bone (1993),1993,1212
1211,Guilty as Sin (1993),1993,1213
1212,In the Realm of the Senses (Ai no corrida) (1976),1976,1214
1213,Barb Wire (1996),1996,1215
1214,Kissed (1996),1997,1216
1215,Assassins (1995),1995,1217
1216,Friday (1995),1995,1218
1217,"Goofy Movie, A (1995)",1995,1219
1218,Higher Learning (1995),1995,1220
1219,When a Man Loves a Woman (1994),1994,1221
1220,Judgment Night (1993),1993,1222
1221,King of the Hill (1993),1993,1223
1222,"Scout, The (1994)",1994,1224
1223,Angus (1995),1995,1225
1224,Night Falls on Manhattan (1997),1997,1226
1225,"Awfully Big Adventure, An (1995)",1995,1227
1226,Under Siege 2: Dark Territory (1995),1995,1228
1227,Poison Ivy II (1995),1995,1229
1228,Ready to Wear (Pret-A-Porter) (1994),1994,1230
1229,Marked for Death (1990),1990,1231
1230,Madonna: Truth or Dare (1991),1991,1232
1231,Nénette et Boni (1996),1996,1233
1232,Chairman of the Board (1998),1998,1234
1233,"Big Bang Theory, The (1994)",1994,1235
1234,"Other Voices, Other Rooms (1997)",1997,1236
1235,Twisted (1996),1996,1237
1236,Full Speed (1996),1996,1238
1237,Cutthroat Island (1995),1995,1239
1238,Ghost in the Shell (Kokaku kidotai) (1995),1996,1240
1239,"Van, The (1996)",1997,1241
1240,"Old Lady Who Walked in the Sea, The (Vieille qui marchait dans la mer, La) (1991)",1991,1242
1241,Night Flier (1997),1998,1243
1242,Metro (1997),1997,1244
1243,Gridlock'd (1997),1997,1245
1244,Bushwhacked (1995),1995,1246
1245,Bad Girls (1994),1994,1247
1246,Blink (1994),1994,1248
1247,For Love or Money (1993),1993,1249
1248,Best of the Best 3: No Turning Back (1995),1995,1250
1249,A Chef in Love (1996),1997,1251
1250,"Contempt (Mépris, Le) (1963)",1997,1252
1251,"Tie That Binds, The (1995)",1995,1253
1252,Gone Fishin' (1997),1997,1254
1253,Broken English (1996),1997,1255
1254,"Designated Mourner, The (1997)",1997,1256
1255,"Designated Mourner, The (1997)",1997,1257
1256,Trial and Error (1997),1997,1258
1257,Pie in the Sky (1995),1996,1259
1258,Total Eclipse (1995),1995,1260
1259,"Run of the Country, The (1995)",1995,1261
1260,Walking and Talking (1996),1996,1262
1261,Foxfire (1996),1996,1263
1262,Nothing to Lose (1994),1996,1264
1263,Star Maps (1997),1997,1265
1264,Bread and Chocolate (Pane e cioccolata) (1973),1973,1266
1265,Clockers (1995),1995,1267
1266,Bitter Moon (1992),1992,1268
1267,Love in the Afternoon (1957),1957,1269
1268,Life with Mikey (1993),1993,1270
1269,North (1994),1994,1271
1270,Talking About Sex (1994),1994,1272
1271,Color of Night (1994),1994,1273
1272,Robocop 3 (1993),1993,1274
1273,Killer (Bulletproof Heart) (1994),1994,1275
1274,Sunset Park (1996),1996,1276
1275,Set It Off (1996),1996,1277
1276,Selena (1997),1997,1278
1277,Wild America (1997),1997,1279
1278,Gang Related (1997),1997,1280
1279,Manny & Lo (1996),1996,1281
1280,"Grass Harp, The (1995)",1996,1282
1281,Out to Sea (1997),1997,1283
1282,Before and After (1996),1996,1284
1283,Princess Caraboo (1994),1994,1285
1284,Shall We Dance? (1937),1937,1286
1285,Ed (1996),1996,1287
1286,Denise Calls Up (1995),1996,1288
1287,Jack and Sarah (1995),1996,1289
1288,Country Life (1994),1994,1290
1289,Celtic Pride (1996),1996,1291
1290,"Simple Wish, A (1997)",1997,1292
1291,Star Kid (1997),1998,1293
1292,Ayn Rand: A Sense of Life (1997),1998,1294
1293,Kicked in the Head (1997),1997,1295
1294,Indian Summer (1996),1996,1296
1295,Love Affair (1994),1994,1297
1296,"Band Wagon, The (1953)",1953,1298
1297,Penny Serenade (1941),1941,1299
1298,'Til There Was You (1997),1997,1300
1299,Stripes (1981),1981,1301
1300,Late Bloomers (1996),1997,1302
1301,"Getaway, The (1994)",1994,1303
1302,New York Cop (1996),1996,1304
1303,National Lampoon's Senior Trip (1995),1995,1305
1304,Delta of Venus (1994),1994,1306
1305,Carmen Miranda: Bananas Is My Business (1994),1994,1307
1306,Babyfever (1994),1994,1308
1307,"Very Natural Thing, A (1974)",1974,1309
1308,"Walk in the Sun, A (1945)",1945,1310
1309,Waiting to Exhale (1995),1996,1311
1310,"Pompatus of Love, The (1996)",1996,1312
1311,Palmetto (1998),1998,1313
1312,Surviving the Game (1994),1994,1314
1313,Inventing the Abbotts (1997),1997,1315
1314,"Horse Whisperer, The (1998)",1997,1316
1315,"Journey of August King, The (1995)",1996,1317
1316,Catwalk (1995),1996,1318
1317,"Neon Bible, The (1995)",1996,1319
1318,Homage (1995),1996,1320
1319,Open Season (1996),1996,1321
1320,Metisse (Café au Lait) (1993),1993,1322
1321,"Wooden Man's Bride, The (Wu Kui) (1994)",1994,1323
1322,Loaded (1994),1996,1324
1323,August (1996),1996,1325
1324,Boys (1996),1996,1326
1325,Captives (1994),1994,1327
1326,Of Love and Shadows (1994),1996,1328
1327,"Low Life, The (1994)",1996,1329
1328,An Unforgettable Summer (1994),1994,1330
1329,"Last Klezmer: Leopold Kozlowski, His Life and Music, The (1995)",1995,1331
1330,My Life and Times With Antonin Artaud (En compagnie d'Antonin Artaud) (1993),1993,1332
1331,Midnight Dancers (Sibak) (1994),1994,1333
1332,Somebody to Love (1994),1996,1334
1333,American Buffalo (1996),1996,1335
1334,Kazaam (1996),1996,1336
1335,Larger Than Life (1996),1996,1337
1336,Two Deaths (1995),1996,1338
1337,Stefano Quantestorie (1993),1993,1339
1338,"Crude Oasis, The (1995)",1995,1340
1339,Hedd Wyn (1992),1992,1341
1340,"Convent, The (Convento, O) (1995)",1996,1342
1341,Lotto Land (1995),1995,1343
1342,"Story of Xinghua, The (1993)",1993,1344
1343,"Day the Sun Turned Cold, The (Tianguo niezi) (1994)",1994,1345
1344,Dingo (1992),1992,1346
1345,"Ballad of Narayama, The (Narayama Bushiko) (1958)",1958,1347
1346,Every Other Weekend (1990),1990,1348
1347,Mille bolle blu (1993),1993,1349
1348,Crows and Sparrows (1949),1949,1350
1349,Lover's Knot (1996),1996,1351
1350,Shadow of Angels (Schatten der Engel) (1976),1976,1352
1351,1-900 (1994),1994,1353
1352,Venice/Venice (1992),1992,1354
1353,Infinity (1996),1996,1355
1354,Ed's Next Move (1996),1996,1356
1355,For the Moment (1994),1994,1357
1356,The Deadly Cure (1996),1996,1358
1357,Boys in Venice (1996),1996,1359
1358,"Sexual Life of the Belgians, The (1994)",1994,1360
1359,"Search for One-eye Jimmy, The (1996)",1996,1361
1360,American Strays (1996),1996,1362
1361,"Leopard Son, The (1996)",1996,1363
1362,Bird of Prey (1996),1996,1364
1363,Johnny 100 Pesos (1993),1993,1365
1364,JLG/JLG - autoportrait de décembre (1994),1994,1366
1365,Faust (1994),1994,1367
1366,Mina Tannenbaum (1994),1994,1368
1367,"Forbidden Christ, The (Cristo proibito, Il) (1950)",1950,1369
1368,I Can't Sleep (J'ai pas sommeil) (1994),1994,1370
1369,"Machine, The (1994)",1994,1371
1370,"Stranger, The (1994)",1994,1372
1371,Good Morning (1971),1971,1373
1372,Falling in Love Again (1980),1980,1374
1373,"Cement Garden, The (1993)",1993,1375
1374,Meet Wally Sparks (1997),1997,1376
1375,Hotel de Love (1996),1997,1377
1376,Rhyme & Reason (1997),1997,1378
1377,Love and Other Catastrophes (1996),1997,1379
1378,Hollow Reed (1996),1997,1380
1379,Losing Chase (1996),1996,1381
1380,"Bonheur, Le (1965)",1997,1382
1381,"Second Jungle Book: Mowgli & Baloo, The (1997)",1997,1383
1382,Squeeze (1996),1997,1384
1383,Roseanna's Grave (For Roseanna) (1997),1997,1385
1384,Tetsuo II: Body Hammer (1992),1997,1386
1385,Fall (1997),1997,1387
1386,Gabbeh (1996),1997,1388
1387,Mondo (1996),1997,1389
1388,"Innocent Sleep, The (1995)",1997,1390
1389,For Ever Mozart (1996),1997,1391
1390,"Locusts, The (1997)",1997,1392
1391,Stag (1997),1997,1393
1392,Swept from the Sea (1997),1997,1394
1393,Hurricane Streets (1998),1998,1395
1394,Stonewall (1995),1996,1396
1395,Of Human Bondage (1934),1934,1397
1396,Anna (1996),1996,1398
1397,Stranger in the House (1997),1997,1399
1398,Picture Bride (1995),1995,1400
1399,M. Butterfly (1993),1993,1401
1400,"Ciao, Professore! (1993)",1993,1402
1401,Caro Diario (Dear Diary) (1994),1994,1403
1402,Withnail and I (1987),1987,1404
1403,Boy's Life 2 (1997),1997,1405
1404,When Night Is Falling (1995),1995,1406
1405,"Specialist, The (1994)",1994,1407
1406,Gordy (1995),1995,1408
1407,"Swan Princess, The (1994)",1994,1409
1408,Harlem (1993),1993,1410
1409,Barbarella (1968),1968,1411
1410,Land Before Time III: The Time of the Great Giving (1995) (V),1995,1412
1411,Street Fighter (1994),1994,1413
1412,Coldblooded (1995),1995,1414
1413,"Next Karate Kid, The (1994)",1994,1415
1414,No Escape (1994),1994,1416
1415,"Turning, The (1992)",1997,1417
1416,"Joy Luck Club, The (1993)",1993,1418
1417,Highlander III: The Sorcerer (1994),1994,1419
1418,Gilligan's Island: The Movie (1998),1997,1420
1419,My Crazy Life (Mi vida loca) (1993),1993,1421
1420,Suture (1993),1993,1422
1421,"Walking Dead, The (1995)",1995,1423
1422,I Like It Like That (1994),1994,1424
1423,I'll Do Anything (1994),1994,1425
1424,Grace of My Heart (1996),1996,1426
1425,Drunks (1995),1996,1427
1426,SubUrbia (1997),1997,1428
1427,Sliding Doors (1998),1998,1429
1428,Ill Gotten Gains (1997),1997,1430
1429,Legal Deceit (1997),1997,1431
1430,"Mighty, The (1998)",1998,1432
1431,Men of Means (1998),1997,1433
1432,Shooting Fish (1997),1998,1434
1433,"Steal Big, Steal Little (1995)",1995,1435
1434,Mr. Jones (1993),1993,1436
1435,House Party 3 (1994),1994,1437
1436,Panther (1995),1995,1438
1437,Jason's Lyric (1994),1994,1439
1438,Above the Rim (1994),1994,1440
1439,Moonlight and Valentino (1995),1995,1441
1440,"Scarlet Letter, The (1995)",1995,1442
1441,8 Seconds (1994),1994,1443
1442,That Darn Cat! (1965),1965,1444
1443,Ladybird Ladybird (1994),1994,1445
1444,"Bye Bye, Love (1995)",1995,1446
1445,Century (1993),1993,1447
1446,My Favorite Season (1993),1996,1448
1447,Pather Panchali (1955),1996,1449
1448,Golden Earrings (1947),1947,1450
1449,Foreign Correspondent (1940),1940,1451
1450,Lady of Burlesque (1943),1943,1452
1451,Angel on My Shoulder (1946),1946,1453
1452,Angel and the Badman (1947),1947,1454
1453,"Outlaw, The (1943)",1943,1455
1454,Beat the Devil (1954),1954,1456
1455,Love Is All There Is (1996),1996,1457
1456,"Damsel in Distress, A (1937)",1937,1458
1457,Madame Butterfly (1995),1996,1459
1458,Sleepover (1995),1996,1460
1459,Here Comes Cookie (1935),1935,1461
1460,"Thieves (Voleurs, Les) (1996)",1996,1462
1461,"Boys, Les (1997)",1997,1463
1462,"Stars Fell on Henrietta, The (1995)",1995,1464
1463,Last Summer in the Hamptons (1995),1995,1465
1464,Margaret's Museum (1995),1995,1466
1465,"Saint of Fort Washington, The (1993)",1993,1467
1466,"Cure, The (1995)",1995,1468
1467,Tom and Huck (1995),1995,1469
1468,Gumby: The Movie (1995),1995,1470
1469,Hideaway (1995),1995,1471
1470,"Visitors, The (Visiteurs, Les) (1993)",1996,1472
1471,"Little Princess, The (1939)",1939,1473
1472,Nina Takes a Lover (1994),1994,1474
1473,Bhaji on the Beach (1993),1993,1475
1474,Raw Deal (1948),1948,1476
1475,Nightwatch (1997),1997,1477
1476,Dead Presidents (1995),1995,1478
1477,Reckless (1995),1995,1479
1478,Herbie Rides Again (1974),1974,1480
1479,S.F.W. (1994),1994,1481
1480,"Gate of Heavenly Peace, The (1995)",1996,1482
1481,"Man in the Iron Mask, The (1998)",1998,1483
1482,"Jerky Boys, The (1994)",1994,1484
1483,"Colonel Chabert, Le (1994)",1994,1485
1484,Girl in the Cadillac (1995),1995,1486
1485,Even Cowgirls Get the Blues (1993),1993,1487
1486,Germinal (1993),1993,1488
1487,Chasers (1994),1994,1489
1488,Fausto (1993),1993,1490
1489,Tough and Deadly (1995),1995,1491
1490,Window to Paris (1994),1994,1492
1491,"Modern Affair, A (1995)",1996,1493
1492,"Mostro, Il (1994)",1996,1494
1493,Flirt (1995),1996,1495
1494,Carpool (1996),1996,1496
1495,"Line King: Al Hirschfeld, The (1996)",1996,1497
1496,Farmer & Chase (1995),1997,1498
1497,Grosse Fatigue (1994),1994,1499
1498,Santa with Muscles (1996),1996,1500
1499,Prisoner of the Mountains (Kavkazsky Plennik) (1996),1997,1501
1500,Naked in New York (1994),1994,1502
1501,Gold Diggers: The Secret of Bear Mountain (1995),1995,1503
1502,"Bewegte Mann, Der (1994)",1996,1504
1503,Killer: A Journal of Murder (1995),1996,1505
1504,Nelly & Monsieur Arnaud (1995),1996,1506
1505,Three Lives and Only One Death (1996),1996,1507
1506,"Babysitter, The (1995)",1995,1508
1507,Getting Even with Dad (1994),1994,1509
1508,Mad Dog Time (1996),1996,1510
1509,Children of the Revolution (1996),1997,1511
1510,"World of Apu, The (Apur Sansar) (1959)",1996,1512
1511,Sprung (1997),1997,1513
1512,Dream With the Fishes (1997),1997,1514
1513,Wings of Courage (1995),1995,1515
1514,"Wedding Gift, The (1994)",1994,1516
1515,Race the Sun (1996),1996,1517
1516,Losing Isaiah (1995),1995,1518
1517,New Jersey Drive (1995),1995,1519
1518,"Fear, The (1995)",1995,1520
1519,Mr. Wonderful (1993),1993,1521
1520,Trial by Jury (1994),1994,1522
1521,"Good Man in Africa, A (1994)",1994,1523
1522,Kaspar Hauser (1993),1996,1524
1523,"Object of My Affection, The (1998)",1998,1525
1524,Witness (1985),1985,1526
1525,Senseless (1998),1998,1527
1526,Nowhere (1997),1997,1528
1527,Underground (1995),1996,1529
1528,Jefferson in Paris (1995),1995,1530
1529,Far From Home: The Adventures of Yellow Dog (1995),1995,1531
1530,Foreign Student (1994),1994,1532
1531,I Don't Want to Talk About It (De eso no se habla) (1993),1993,1533
1532,Twin Town (1997),1997,1534
1533,"Enfer, L' (1994)",1994,1535
1534,Aiqing wansui (1994),1996,1536
1535,Cosi (1996),1997,1537
1536,All Over Me (1997),1997,1538
1537,Being Human (1993),1993,1539
1538,"Amazing Panda Adventure, The (1995)",1995,1540
1539,"Beans of Egypt, Maine, The (1994)",1994,1541
1540,"Scarlet Letter, The (1926)",1926,1542
1541,Johns (1996),1996,1543
1542,It Takes Two (1995),1995,1544
1543,Frankie Starlight (1995),1995,1545
1544,Shadows (Cienie) (1988),1988,1546
1545,"Show, The (1995)",1995,1547
1546,The Courtyard (1995),1995,1548
1547,Dream Man (1995),1995,1549
1548,Destiny Turns on the Radio (1995),1995,1550
1549,"Glass Shield, The (1994)",1994,1551
1550,"Hunted, The (1995)",1995,1552
1551,"Underneath, The (1995)",1995,1553
1552,Safe Passage (1994),1994,1554
1553,"Secret Adventures of Tom Thumb, The (1993)",1993,1555
1554,Condition Red (1995),1995,1556
1555,Yankee Zulu (1994),1996,1557
1556,Aparajito (1956),1996,1558
1557,Hostile Intentions (1994),1994,1559
1558,Clean Slate (Coup de Torchon) (1981),1981,1560
1559,Tigrero: A Film That Was Never Made (1994),1994,1561
1560,"Eye of Vichy, The (Oeil de Vichy, L') (1993)",1993,1562
1561,"Promise, The (Versprechen, Das) (1994)",1994,1563
1562,To Cross the Rubicon (1991),1991,1564
1563,Daens (1992),1992,1565
1564,"Man from Down Under, The (1943)",1943,1566
1565,Careful (1992),1992,1567
1566,Vermont Is For Lovers (1992),1992,1568
1567,"Vie est belle, La (Life is Rosey) (1987)",1987,1569
1568,Quartier Mozart (1992),1992,1570
1569,Touki Bouki (Journey of the Hyena) (1973),1973,1571
1570,Wend Kuuni (God's Gift) (1982),1982,1572
1571,Spirits of the Dead (Tre passi nel delirio) (1968),1968,1573
1572,Pharaoh's Army (1995),1995,1574
1573,"I, Worst of All (Yo, la peor de todas) (1990)",1990,1575
1574,"Hungarian Fairy Tale, A (1987)",1987,1576
1575,"Death in the Garden (Mort en ce jardin, La) (1956)",1956,1577
1576,"Collectionneuse, La (1967)",1967,1578
1577,Baton Rouge (1988),1988,1579
1578,Liebelei (1933),1933,1580
1579,"Woman in Question, The (1950)",1950,1581
1580,T-Men (1947),1947,1582
1581,"Invitation, The (Zaproszenie) (1986)",1986,1583
1582,"Symphonie pastorale, La (1946)",1946,1584
1583,American Dream (1990),1990,1585
1584,Lashou shentan (1992),1992,1586
1585,Terror in a Texas Town (1958),1958,1587
1586,Salut cousin! (1996),1997,1588
1587,Schizopolis (1996),1997,1589
1588,"To Have, or Not (1995)",1997,1590
1589,Duoluo tianshi (1995),1998,1591
1590,"Magic Hour, The (1998)",1998,1592
1591,Death in Brunswick (1991),1996,1593
1592,Everest (1998),1998,1594
1593,Shopping (1994),1996,1595
1594,Nemesis 2: Nebula (1995),1995,1596
1595,Romper Stomper (1992),1992,1597
1596,City of Industry (1997),1997,1598
1597,Someone Else's America (1995),1996,1599
1598,Guantanamera (1994),1997,1600
1599,Office Killer (1997),1997,1601
1600,"Price Above Rubies, A (1998)",1998,1602
1601,Angela (1995),1996,1603
1602,He Walked by Night (1948),1948,1604
1603,Love Serenade (1996),1997,1605
1604,Deceiver (1997),1997,1606
1605,Hurricane Streets (1998),1998,1607
1606,Buddy (1997),1997,1608
1607,B*A*P*S (1997),1997,1609
1608,"Truth or Consequences, N.M. (1997)",1997,1610
1609,Intimate Relations (1996),1997,1611
1610,"Leading Man, The (1996)",1998,1612
1611,Tokyo Fist (1995),1998,1613
1612,"Reluctant Debutante, The (1958)",1958,1614
1613,Warriors of Virtue (1997),1997,1615
1614,Desert Winds (1995),1995,1616
1615,Hugo Pool (1997),1997,1617
1616,King of New York (1990),1990,1618
1617,All Things Fair (1996),1996,1619
1618,"Sixth Man, The (1997)",1997,1620
1619,Butterfly Kiss (1995),1996,1621
1620,"Paris, France (1993)",1993,1622
1621,"Cérémonie, La (1995)",1996,1623
1622,Hush (1998),1998,1624
1623,Nightwatch (1997),1997,1625
1624,Nobody Loves Me (Keiner liebt mich) (1994),1996,1626
1625,"Wife, The (1995)",1996,1627
1626,Lamerica (1994),1994,1628
1627,Nico Icon (1995),1995,1629
1628,"Silence of the Palace, The (Saimt el Qusur) (1994)",1996,1630
1629,"Slingshot, The (1993)",1993,1631
1630,Land and Freedom (Tierra y libertad) (1995),1996,1632
1631,Á köldum klaka (Cold Fever) (1994),1996,1633
1632,Etz Hadomim Tafus (Under the Domin Tree) (1994),1996,1634
1633,Two Friends (1986) ,1986,1635
1634,Brothers in Trouble (1995),1996,1636
1635,Girls Town (1996),1996,1637
1636,Normal Life (1996),1996,1638
1637,Bitter Sugar (Azucar Amargo) (1996),1996,1639
1638,"Eighth Day, The (1996)",1996,1640
1639,Dadetown (1995),1996,1641
1640,Some Mother's Son (1996),1996,1642
1641,Angel Baby (1995),1997,1643
1642,Sudden Manhattan (1996),1997,1644
1643,"Butcher Boy, The (1998)",1998,1645
1644,Men With Guns (1997),1998,1646
1645,Hana-bi (1997),1998,1647
1646,"Niagara, Niagara (1997)",1998,1648
1647,"Big One, The (1997)",1998,1649
1648,"Butcher Boy, The (1998)",1998,1650
1649,"Spanish Prisoner, The (1997)",1998,1651
1650,Temptress Moon (Feng Yue) (1996),1997,1652
1651,Entertaining Angels: The Dorothy Day Story (1996),1996,1653
1652,Chairman of the Board (1998),1998,1654
1653,"Favor, The (1994)",1994,1655
1654,Little City (1998),1998,1656
1655,Target (1995),1996,1657
1656,"Substance of Fire, The (1996)",1996,1658
1657,Getting Away With Murder (1996),1996,1659
1658,Small Faces (1995),1996,1660
1659,"New Age, The (1994)",1994,1661
1660,Rough Magic (1995),1997,1662
1661,Nothing Personal (1995),1997,1663
1662,8 Heads in a Duffel Bag (1997),1997,1664
1663,"Brother's Kiss, A (1997)",1997,1665
1664,Ripe (1996),1997,1666
1665,"Next Step, The (1995)",1997,1667
1666,Wedding Bell Blues (1996),1997,1668
1667,MURDER and murder (1996),1997,1669
1668,Tainted (1998),1998,1670
1669,"Further Gesture, A (1996)",1998,1671
1670,Kika (1993),1993,1672
1671,Mirage (1995),1995,1673
1672,Mamma Roma (1962),1962,1674
1673,"Sunchaser, The (1996)",1996,1675
1674,"War at Home, The (1996)",1996,1676
1675,Sweet Nothing (1995),1996,1677
1676,Mat' i syn (1997),1998,1678
1677,B. Monkey (1998),1998,1679
1678,Sliding Doors (1998),1998,1680
1679,You So Crazy (1994),1994,1681
1680,Scream of Stone (Schrei aus Stein) (1991),1996,1682
